sample,timestamp,voltage
1,2026-01-27 19:41:34.805157,-0.1483154296875
2,2026-01-27 19:41:34.815334,-0.1068115234375
3,2026-01-27 19:41:34.825248,0.11871337890625
4,2026-01-27 19:41:34.834007,0.1251220703125
5,2026-01-27 19:41:34.844108,-0.0921630859375
6,2026-01-27 19:41:34.853604,-0.05096435546875
7,2026-01-27 19:41:34.864001,-0.07049560546875
8,2026-01-27 19:41:34.873766,0.07049560546875
9,2026-01-27 19:41:34.884427,-0.08697509765625
10,2026-01-27 19:41:34.894375,-0.147705078125
11,2026-01-27 19:41:34.905285,-0.05706787109375
12,2026-01-27 19:41:34.915049,-0.06439208984375
13,2026-01-27 19:41:34.927482,-0.10284423828125
14,2026-01-27 19:41:34.938948,0.0689697265625
15,2026-01-27 19:41:34.951279,0.0579833984375
16,2026-01-27 19:41:34.962457,-0.00030517578125
17,2026-01-27 19:41:34.971887,0.1416015625
18,2026-01-27 19:41:34.981776,-0.09368896484375
19,2026-01-27 19:41:34.991706,-0.09613037109375
20,2026-01-27 19:41:35.001065,0.07110595703125
21,2026-01-27 19:41:35.011767,0.0897216796875
22,2026-01-27 19:41:35.021893,-0.06134033203125
23,2026-01-27 19:41:35.033245,0.0933837890625
24,2026-01-27 19:41:35.043444,-0.14373779296875
25,2026-01-27 19:41:35.053916,0.1458740234375
26,2026-01-27 19:41:35.065366,-0.09552001953125
27,2026-01-27 19:41:35.076662,0.079345703125
28,2026-01-27 19:41:35.086895,-0.07598876953125
29,2026-01-27 19:41:35.096631,0.03753662109375
30,2026-01-27 19:41:35.106437,-0.0909423828125
31,2026-01-27 19:41:35.117056,-0.015869140625
32,2026-01-27 19:41:35.127620,-0.0665283203125
33,2026-01-27 19:41:35.137896,-0.02532958984375
34,2026-01-27 19:41:35.147571,0.05462646484375
35,2026-01-27 19:41:35.157919,0.0537109375
36,2026-01-27 19:41:35.167866,0.0823974609375
37,2026-01-27 19:41:35.178081,0.03875732421875
38,2026-01-27 19:41:35.188193,-0.02349853515625
39,2026-01-27 19:41:35.198027,-0.0665283203125
40,2026-01-27 19:41:35.207029,0.09002685546875
41,2026-01-27 19:41:35.217835,0.04119873046875
42,2026-01-27 19:41:35.228915,0.04180908203125
43,2026-01-27 19:41:35.238661,0.0604248046875
44,2026-01-27 19:41:35.248436,-0.04547119140625
45,2026-01-27 19:41:35.258285,0.05767822265625
46,2026-01-27 19:41:35.268456,-0.08209228515625
47,2026-01-27 19:41:35.278637,-0.0018310546875
48,2026-01-27 19:41:35.289223,-0.0830078125
49,2026-01-27 19:41:35.298444,0.0714111328125
50,2026-01-27 19:41:35.308792,0.00274658203125
51,2026-01-27 19:41:35.320305,-0.07781982421875
52,2026-01-27 19:41:35.330268,-0.0787353515625
53,2026-01-27 19:41:35.340433,0.072021484375
54,2026-01-27 19:41:35.350339,0.05340576171875
55,2026-01-27 19:41:35.360455,-0.11077880859375
56,2026-01-27 19:41:35.370918,0.076904296875
57,2026-01-27 19:41:35.382311,0.05859375
58,2026-01-27 19:41:35.392693,-0.06622314453125
59,2026-01-27 19:41:35.402045,-0.10040283203125
60,2026-01-27 19:41:35.411404,0.11566162109375
61,2026-01-27 19:41:35.421319,0.09368896484375
62,2026-01-27 19:41:35.432275,0.0341796875
63,2026-01-27 19:41:35.441436,0.05706787109375
64,2026-01-27 19:41:35.452122,0.0714111328125
65,2026-01-27 19:41:35.462392,-0.07415771484375
66,2026-01-27 19:41:35.472751,0.0738525390625
67,2026-01-27 19:41:35.482648,-0.03082275390625
68,2026-01-27 19:41:35.492078,0.12176513671875
69,2026-01-27 19:41:35.501350,0.0518798828125
70,2026-01-27 19:41:35.511752,0.0921630859375
71,2026-01-27 19:41:35.522941,0.10772705078125
72,2026-01-27 19:41:35.532348,0.06622314453125
73,2026-01-27 19:41:35.542635,-0.1446533203125
74,2026-01-27 19:41:35.552701,-0.11199951171875
75,2026-01-27 19:41:35.562518,-0.12451171875
76,2026-01-27 19:41:35.571935,0.13092041015625
77,2026-01-27 19:41:35.581296,0.10833740234375
78,2026-01-27 19:41:35.591810,0.072021484375
79,2026-01-27 19:41:35.601784,0.1141357421875
80,2026-01-27 19:41:35.611579,0.1129150390625
81,2026-01-27 19:41:35.621913,0.07965087890625
82,2026-01-27 19:41:35.631779,0.0543212890625
83,2026-01-27 19:41:35.641898,-0.11993408203125
84,2026-01-27 19:41:35.651587,-0.01220703125
85,2026-01-27 19:41:35.661464,-0.08758544921875
86,2026-01-27 19:41:35.671815,0.07110595703125
87,2026-01-27 19:41:35.681360,-0.059814453125
88,2026-01-27 19:41:35.691584,-0.10467529296875
89,2026-01-27 19:41:35.701297,0.0
90,2026-01-27 19:41:35.711435,-0.0927734375
91,2026-01-27 19:41:35.721278,-0.133056640625
92,2026-01-27 19:41:35.731525,-0.02899169921875
93,2026-01-27 19:41:35.741612,-0.10498046875
94,2026-01-27 19:41:35.751338,0.08270263671875
95,2026-01-27 19:41:35.762238,0.052490234375
96,2026-01-27 19:41:35.772480,-0.0750732421875
97,2026-01-27 19:41:35.782939,-0.108642578125
98,2026-01-27 19:41:35.792775,-0.10162353515625
99,2026-01-27 19:41:35.802052,0.02655029296875
100,2026-01-27 19:41:35.811411,0.03173828125
101,2026-01-27 19:41:35.821981,-0.11871337890625
102,2026-01-27 19:41:35.831809,0.037841796875
103,2026-01-27 19:41:35.841405,0.12847900390625
104,2026-01-27 19:41:35.851563,0.0689697265625
105,2026-01-27 19:41:35.861633,-0.0604248046875
106,2026-01-27 19:41:35.871414,0.08697509765625
107,2026-01-27 19:41:35.881649,0.00335693359375
108,2026-01-27 19:41:35.891307,-0.028076171875
109,2026-01-27 19:41:35.901649,-0.10467529296875
110,2026-01-27 19:41:35.912083,-0.1226806640625
111,2026-01-27 19:41:35.923782,0.0225830078125
112,2026-01-27 19:41:35.933596,0.01922607421875
113,2026-01-27 19:41:35.944470,0.08270263671875
114,2026-01-27 19:41:35.954284,-0.023193359375
115,2026-01-27 19:41:35.964185,-0.133056640625
116,2026-01-27 19:41:35.973643,0.0164794921875
117,2026-01-27 19:41:35.984103,0.1458740234375
118,2026-01-27 19:41:35.994084,0.13702392578125
119,2026-01-27 19:41:36.006337,-0.0262451171875
120,2026-01-27 19:41:36.016672,0.0885009765625
121,2026-01-27 19:41:36.026640,0.09796142578125
122,2026-01-27 19:41:36.038491,0.00518798828125
123,2026-01-27 19:41:36.048260,0.079345703125
124,2026-01-27 19:41:36.058479,-0.086669921875
125,2026-01-27 19:41:36.068822,0.089111328125
126,2026-01-27 19:41:36.078432,0.02288818359375
127,2026-01-27 19:41:36.089200,0.10162353515625
128,2026-01-27 19:41:36.099799,-0.00457763671875
129,2026-01-27 19:41:36.109599,-0.0006103515625
130,2026-01-27 19:41:36.119405,0.01800537109375
131,2026-01-27 19:41:36.129257,-0.0286865234375
132,2026-01-27 19:41:36.139404,-0.05706787109375
133,2026-01-27 19:41:36.149904,0.02105712890625
134,2026-01-27 19:41:36.160602,0.098876953125
135,2026-01-27 19:41:36.170920,-0.0048828125
136,2026-01-27 19:41:36.180384,-0.0518798828125
137,2026-01-27 19:41:36.190625,0.0958251953125
138,2026-01-27 19:41:36.200864,-0.07843017578125
139,2026-01-27 19:41:36.210621,-0.05950927734375
140,2026-01-27 19:41:36.220874,-0.0994873046875
141,2026-01-27 19:41:36.231928,-0.09002685546875
142,2026-01-27 19:41:36.242337,0.01983642578125
143,2026-01-27 19:41:36.252616,0.0811767578125
144,2026-01-27 19:41:36.262362,0.07904052734375
145,2026-01-27 19:41:36.273260,-0.02105712890625
146,2026-01-27 19:41:36.284296,-0.02838134765625
147,2026-01-27 19:41:36.293613,-0.11383056640625
148,2026-01-27 19:41:36.304300,-0.04302978515625
149,2026-01-27 19:41:36.314932,0.079345703125
150,2026-01-27 19:41:36.325592,0.14129638671875
151,2026-01-27 19:41:36.336302,0.14312744140625
152,2026-01-27 19:41:36.346545,0.028076171875
153,2026-01-27 19:41:36.357326,-0.02593994140625
154,2026-01-27 19:41:36.367405,0.0244140625
155,2026-01-27 19:41:36.377442,0.07598876953125
156,2026-01-27 19:41:36.387575,-0.023193359375
157,2026-01-27 19:41:36.397981,-0.0079345703125
158,2026-01-27 19:41:36.408985,-0.0372314453125
159,2026-01-27 19:41:36.419310,0.0823974609375
160,2026-01-27 19:41:36.429211,0.087890625
161,2026-01-27 19:41:36.440028,0.093994140625
162,2026-01-27 19:41:36.449285,0.08453369140625
163,2026-01-27 19:41:36.459750,0.04547119140625
164,2026-01-27 19:41:36.469416,0.018310546875
165,2026-01-27 19:41:36.480314,0.09307861328125
166,2026-01-27 19:41:36.490510,0.00518798828125
167,2026-01-27 19:41:36.500918,0.01312255859375
168,2026-01-27 19:41:36.510942,-0.02349853515625
169,2026-01-27 19:41:36.521337,-0.111083984375
170,2026-01-27 19:41:36.533699,-0.0433349609375
171,2026-01-27 19:41:36.546315,-0.0531005859375
172,2026-01-27 19:41:36.556654,0.03448486328125
173,2026-01-27 19:41:36.567308,-0.09368896484375
174,2026-01-27 19:41:36.577280,0.07476806640625
175,2026-01-27 19:41:36.587448,0.0286865234375
176,2026-01-27 19:41:36.597625,-0.0006103515625
177,2026-01-27 19:41:36.608078,0.032958984375
178,2026-01-27 19:41:36.618937,-0.030517578125
179,2026-01-27 19:41:36.628683,0.093994140625
180,2026-01-27 19:41:36.639197,-0.0689697265625
181,2026-01-27 19:41:36.649640,0.06805419921875
182,2026-01-27 19:41:36.660051,-0.106201171875
183,2026-01-27 19:41:36.669257,0.098876953125
184,2026-01-27 19:41:36.679405,0.0860595703125
185,2026-01-27 19:41:36.689615,0.05035400390625
186,2026-01-27 19:41:36.699595,-0.11474609375
187,2026-01-27 19:41:36.710167,-0.05157470703125
188,2026-01-27 19:41:36.720480,0.07476806640625
189,2026-01-27 19:41:36.730518,-0.05126953125
190,2026-01-27 19:41:36.740316,0.09185791015625
191,2026-01-27 19:41:36.750253,0.04852294921875
192,2026-01-27 19:41:36.760468,0.0238037109375
193,2026-01-27 19:41:36.771072,0.09674072265625
194,2026-01-27 19:41:36.781287,0.0750732421875
195,2026-01-27 19:41:36.792263,0.093994140625
196,2026-01-27 19:41:36.803022,0.0732421875
197,2026-01-27 19:41:36.812929,-0.1263427734375
198,2026-01-27 19:41:36.822205,-0.0860595703125
199,2026-01-27 19:41:36.832196,0.05950927734375
200,2026-01-27 19:41:36.842519,0.086669921875
201,2026-01-27 19:41:36.853844,-0.12481689453125
202,2026-01-27 19:41:36.864165,0.11566162109375
203,2026-01-27 19:41:36.875408,0.14892578125
204,2026-01-27 19:41:36.886695,0.13519287109375
205,2026-01-27 19:41:36.896686,0.081787109375
206,2026-01-27 19:41:36.906462,-0.0927734375
207,2026-01-27 19:41:36.916759,-0.00885009765625
208,2026-01-27 19:41:36.926521,-0.00091552734375
209,2026-01-27 19:41:36.937436,-0.0396728515625
210,2026-01-27 19:41:36.948321,-0.0714111328125
211,2026-01-27 19:41:36.958370,0.015869140625
212,2026-01-27 19:41:36.968336,0.086669921875
213,2026-01-27 19:41:36.978657,0.07904052734375
214,2026-01-27 19:41:36.989092,-0.07049560546875
215,2026-01-27 19:41:36.998300,-0.10986328125
216,2026-01-27 19:41:37.008182,0.04913330078125
217,2026-01-27 19:41:37.018916,-0.05157470703125
218,2026-01-27 19:41:37.029328,0.08087158203125
219,2026-01-27 19:41:37.039475,0.08056640625
220,2026-01-27 19:41:37.049299,-0.04791259765625
221,2026-01-27 19:41:37.060493,0.06378173828125
222,2026-01-27 19:41:37.070454,-0.0732421875
223,2026-01-27 19:41:37.080692,0.0201416015625
224,2026-01-27 19:41:37.090327,0.04119873046875
225,2026-01-27 19:41:37.100333,-0.04974365234375
226,2026-01-27 19:41:37.110722,-0.079345703125
227,2026-01-27 19:41:37.121171,-0.084228515625
228,2026-01-27 19:41:37.131377,-0.06622314453125
229,2026-01-27 19:41:37.142107,-0.04852294921875
230,2026-01-27 19:41:37.153377,-0.07537841796875
231,2026-01-27 19:41:37.164109,0.11260986328125
232,2026-01-27 19:41:37.173407,0.0775146484375
233,2026-01-27 19:41:37.183636,0.135498046875
234,2026-01-27 19:41:37.195337,-0.09368896484375
235,2026-01-27 19:41:37.205021,0.06805419921875
236,2026-01-27 19:41:37.216727,-0.0604248046875
237,2026-01-27 19:41:37.226616,0.09033203125
238,2026-01-27 19:41:37.236374,0.05279541015625
239,2026-01-27 19:41:37.246345,0.06378173828125
240,2026-01-27 19:41:37.256682,0.04364013671875
241,2026-01-27 19:41:37.267750,-0.04852294921875
242,2026-01-27 19:41:37.278488,-0.00213623046875
243,2026-01-27 19:41:37.289227,-0.059814453125
244,2026-01-27 19:41:37.299398,-0.08056640625
245,2026-01-27 19:41:37.309797,0.074462890625
246,2026-01-27 19:41:37.320066,-0.0445556640625
247,2026-01-27 19:41:37.329330,0.03570556640625
248,2026-01-27 19:41:37.339547,0.03662109375
249,2026-01-27 19:41:37.349307,0.0286865234375
250,2026-01-27 19:41:37.360332,0.03326416015625
251,2026-01-27 19:41:37.371083,0.07537841796875
252,2026-01-27 19:41:37.381439,-0.0494384765625
253,2026-01-27 19:41:37.391726,-0.0970458984375
254,2026-01-27 19:41:37.401983,0.086669921875
255,2026-01-27 19:41:37.412021,0.02105712890625
256,2026-01-27 19:41:37.421955,-0.1318359375
257,2026-01-27 19:41:37.431768,-0.10986328125
258,2026-01-27 19:41:37.442301,0.12786865234375
259,2026-01-27 19:41:37.453629,-0.0872802734375
260,2026-01-27 19:41:37.463607,0.0592041015625
261,2026-01-27 19:41:37.474090,-0.13641357421875
262,2026-01-27 19:41:37.484406,0.123291015625
263,2026-01-27 19:41:37.495002,0.1446533203125
264,2026-01-27 19:41:37.505343,-0.1416015625
265,2026-01-27 19:41:37.515535,0.0128173828125
266,2026-01-27 19:41:37.526281,-0.084228515625
267,2026-01-27 19:41:37.535145,-0.04425048828125
268,2026-01-27 19:41:37.546313,-0.01129150390625
269,2026-01-27 19:41:37.556644,0.04180908203125
270,2026-01-27 19:41:37.567411,-0.02899169921875
271,2026-01-27 19:41:37.577639,0.0201416015625
272,2026-01-27 19:41:37.587413,0.08636474609375
273,2026-01-27 19:41:37.597249,0.0860595703125
274,2026-01-27 19:41:37.607401,0.0982666015625
275,2026-01-27 19:41:37.617584,0.07293701171875
276,2026-01-27 19:41:37.627874,0.10498046875
277,2026-01-27 19:41:37.638161,-0.0567626953125
278,2026-01-27 19:41:37.648723,-0.00152587890625
279,2026-01-27 19:41:37.659003,-0.08026123046875
280,2026-01-27 19:41:37.670304,-0.07843017578125
281,2026-01-27 19:41:37.680701,-0.023193359375
282,2026-01-27 19:41:37.691295,-0.003662109375
283,2026-01-27 19:41:37.702053,0.0640869140625
284,2026-01-27 19:41:37.711323,-0.00946044921875
285,2026-01-27 19:41:37.722479,0.12451171875
286,2026-01-27 19:41:37.733803,-0.12969970703125
287,2026-01-27 19:41:37.745799,-0.14862060546875
288,2026-01-27 19:41:37.755161,0.03387451171875
289,2026-01-27 19:41:37.765073,0.02227783203125
290,2026-01-27 19:41:37.776401,-0.028076171875
291,2026-01-27 19:41:37.787000,-0.01434326171875
292,2026-01-27 19:41:37.796883,0.01312255859375
293,2026-01-27 19:41:37.807138,0.08056640625
294,2026-01-27 19:41:37.817341,-0.09033203125
295,2026-01-27 19:41:37.827073,0.01007080078125
296,2026-01-27 19:41:37.837292,-0.00762939453125
297,2026-01-27 19:41:37.847412,0.09796142578125
298,2026-01-27 19:41:37.857606,-0.0921630859375
299,2026-01-27 19:41:37.867392,-0.08453369140625
300,2026-01-27 19:41:37.877903,-0.087890625
301,2026-01-27 19:41:37.888242,-0.09246826171875
302,2026-01-27 19:41:37.898456,0.0933837890625
303,2026-01-27 19:41:37.909235,-0.05462646484375
304,2026-01-27 19:41:37.918442,-0.1019287109375
305,2026-01-27 19:41:37.928712,-0.003662109375
306,2026-01-27 19:41:37.939188,0.0494384765625
307,2026-01-27 19:41:37.949177,-0.08697509765625
308,2026-01-27 19:41:37.959320,0.10040283203125
309,2026-01-27 19:41:37.970309,0.01373291015625
310,2026-01-27 19:41:37.980466,0.096435546875
311,2026-01-27 19:41:37.990467,-0.01190185546875
312,2026-01-27 19:41:38.000626,-0.00518798828125
313,2026-01-27 19:41:38.010307,-0.04547119140625
314,2026-01-27 19:41:38.020301,0.0701904296875
315,2026-01-27 19:41:38.030494,-0.0933837890625
316,2026-01-27 19:41:38.040506,-0.10894775390625
317,2026-01-27 19:41:38.050975,-0.10009765625
318,2026-01-27 19:41:38.061989,0.0250244140625
319,2026-01-27 19:41:38.073159,0.01495361328125
320,2026-01-27 19:41:38.083783,0.03204345703125
321,2026-01-27 19:41:38.094153,-0.13824462890625
322,2026-01-27 19:41:38.104055,0.14556884765625
323,2026-01-27 19:41:38.113250,0.14739990234375
324,2026-01-27 19:41:38.123483,0.13702392578125
325,2026-01-27 19:41:38.133485,-0.042724609375
326,2026-01-27 19:41:38.143969,-0.150146484375
327,2026-01-27 19:41:38.153363,0.02532958984375
328,2026-01-27 19:41:38.164799,-0.05157470703125
329,2026-01-27 19:41:38.174310,-0.008544921875
330,2026-01-27 19:41:38.184244,-0.14556884765625
331,2026-01-27 19:41:38.195378,0.02960205078125
332,2026-01-27 19:41:38.205262,-0.14923095703125
333,2026-01-27 19:41:38.215467,0.1251220703125
334,2026-01-27 19:41:38.226647,-0.08758544921875
335,2026-01-27 19:41:38.237093,0.010986328125
336,2026-01-27 19:41:38.246880,0.0274658203125
337,2026-01-27 19:41:38.256679,-0.01800537109375
338,2026-01-27 19:41:38.266352,-0.0311279296875
339,2026-01-27 19:41:38.277320,-0.0225830078125
340,2026-01-27 19:41:38.287663,-0.0848388671875
341,2026-01-27 19:41:38.297657,-0.02716064453125
342,2026-01-27 19:41:38.307579,0.089111328125
343,2026-01-27 19:41:38.317921,-0.06622314453125
344,2026-01-27 19:41:38.327632,-0.006103515625
345,2026-01-27 19:41:38.337927,-0.00579833984375
346,2026-01-27 19:41:38.348325,-0.0689697265625
347,2026-01-27 19:41:38.359112,-0.1177978515625
348,2026-01-27 19:41:38.369458,0.10589599609375
349,2026-01-27 19:41:38.379749,-0.1177978515625
350,2026-01-27 19:41:38.389433,-0.0177001953125
351,2026-01-27 19:41:38.399327,-0.03265380859375
352,2026-01-27 19:41:38.409423,0.10101318359375
353,2026-01-27 19:41:38.419301,0.06805419921875
354,2026-01-27 19:41:38.429577,-0.01007080078125
355,2026-01-27 19:41:38.439300,-0.0714111328125
356,2026-01-27 19:41:38.449446,0.0848388671875
357,2026-01-27 19:41:38.459519,-0.06591796875
358,2026-01-27 19:41:38.470445,0.086669921875
359,2026-01-27 19:41:38.480626,-0.0372314453125
360,2026-01-27 19:41:38.490938,-0.11871337890625
361,2026-01-27 19:41:38.500317,-0.08056640625
362,2026-01-27 19:41:38.511398,0.1104736328125
363,2026-01-27 19:41:38.521659,0.0982666015625
364,2026-01-27 19:41:38.531440,0.06744384765625
365,2026-01-27 19:41:38.541586,-0.11566162109375
366,2026-01-27 19:41:38.551294,-0.1312255859375
367,2026-01-27 19:41:38.561456,0.0537109375
368,2026-01-27 19:41:38.571995,-0.1171875
369,2026-01-27 19:41:38.582324,-0.01922607421875
370,2026-01-27 19:41:38.592667,0.13946533203125
371,2026-01-27 19:41:38.603327,-0.12359619140625
372,2026-01-27 19:41:38.613618,-0.1373291015625
373,2026-01-27 19:41:38.624005,0.04425048828125
374,2026-01-27 19:41:38.633646,0.13519287109375
375,2026-01-27 19:41:38.643596,-0.11016845703125
376,2026-01-27 19:41:38.653304,0.12969970703125
377,2026-01-27 19:41:38.663679,-0.05706787109375
378,2026-01-27 19:41:38.675564,0.147705078125
379,2026-01-27 19:41:38.685344,0.07354736328125
380,2026-01-27 19:41:38.695186,-0.067138671875
381,2026-01-27 19:41:38.705358,0.07965087890625
382,2026-01-27 19:41:38.715303,0.067138671875
383,2026-01-27 19:41:38.725139,0.13671875
384,2026-01-27 19:41:38.736385,-0.05126953125
385,2026-01-27 19:41:38.747548,-0.04791259765625
386,2026-01-27 19:41:38.758322,0.0408935546875
387,2026-01-27 19:41:38.768689,-0.06317138671875
388,2026-01-27 19:41:38.780042,-0.086669921875
389,2026-01-27 19:41:38.790394,0.0360107421875
390,2026-01-27 19:41:38.801043,-0.12054443359375
391,2026-01-27 19:41:38.812306,-0.0982666015625
392,2026-01-27 19:41:38.822659,-0.10650634765625
393,2026-01-27 19:41:38.832769,0.07293701171875
394,2026-01-27 19:41:38.842670,0.1177978515625
395,2026-01-27 19:41:38.853171,0.10955810546875
396,2026-01-27 19:41:38.863336,0.10406494140625
397,2026-01-27 19:41:38.873630,-0.07354736328125
398,2026-01-27 19:41:38.884041,-0.10650634765625
399,2026-01-27 19:41:38.894468,0.0921630859375
400,2026-01-27 19:41:38.904290,0.09033203125
401,2026-01-27 19:41:38.913903,0.03631591796875
402,2026-01-27 19:41:38.923348,0.1171875
403,2026-01-27 19:41:38.933434,-0.1123046875
404,2026-01-27 19:41:38.944291,-0.1141357421875
405,2026-01-27 19:41:38.954184,-0.10162353515625
406,2026-01-27 19:41:38.964294,0.0469970703125
407,2026-01-27 19:41:38.975053,0.11688232421875
408,2026-01-27 19:41:38.986501,0.13763427734375
409,2026-01-27 19:41:38.996911,-0.0921630859375
410,2026-01-27 19:41:39.007592,-0.01068115234375
411,2026-01-27 19:41:39.018014,-0.0390625
412,2026-01-27 19:41:39.028267,-0.04150390625
413,2026-01-27 19:41:39.038658,0.09674072265625
414,2026-01-27 19:41:39.048359,0.09552001953125
415,2026-01-27 19:41:39.058552,-0.04486083984375
416,2026-01-27 19:41:39.068468,0.02349853515625
417,2026-01-27 19:41:39.078929,0.06866455078125
418,2026-01-27 19:41:39.089287,-0.07965087890625
419,2026-01-27 19:41:39.099384,0.0750732421875
420,2026-01-27 19:41:39.110175,0.0592041015625
421,2026-01-27 19:41:39.120705,-0.0750732421875
422,2026-01-27 19:41:39.130373,0.1116943359375
423,2026-01-27 19:41:39.140637,-0.08941650390625
424,2026-01-27 19:41:39.150343,0.130615234375
425,2026-01-27 19:41:39.160627,0.10650634765625
426,2026-01-27 19:41:39.170931,0.0927734375
427,2026-01-27 19:41:39.181480,0.0592041015625
428,2026-01-27 19:41:39.191987,-0.07110595703125
429,2026-01-27 19:41:39.202519,0.0042724609375
430,2026-01-27 19:41:39.213325,0.12115478515625
431,2026-01-27 19:41:39.223077,0.0653076171875
432,2026-01-27 19:41:39.233317,0.13580322265625
433,2026-01-27 19:41:39.243498,0.059814453125
434,2026-01-27 19:41:39.253803,-0.12847900390625
435,2026-01-27 19:41:39.263308,-0.13671875
436,2026-01-27 19:41:39.273670,-0.11993408203125
437,2026-01-27 19:41:39.283284,-0.12603759765625
438,2026-01-27 19:41:39.293414,-0.13641357421875
439,2026-01-27 19:41:39.304678,-0.1324462890625
440,2026-01-27 19:41:39.314371,-0.0958251953125
441,2026-01-27 19:41:39.324357,0.096435546875
442,2026-01-27 19:41:39.334183,0.052490234375
443,2026-01-27 19:41:39.345608,-0.0543212890625
444,2026-01-27 19:41:39.355314,-0.04241943359375
445,2026-01-27 19:41:39.366722,0.09429931640625
446,2026-01-27 19:41:39.377417,0.08331298828125
447,2026-01-27 19:41:39.387443,-0.0726318359375
448,2026-01-27 19:41:39.397938,-0.05096435546875
449,2026-01-27 19:41:39.407635,-0.0787353515625
450,2026-01-27 19:41:39.417787,-0.10040283203125
451,2026-01-27 19:41:39.427486,-0.06744384765625
452,2026-01-27 19:41:39.437757,-0.0042724609375
453,2026-01-27 19:41:39.447795,0.086669921875
454,2026-01-27 19:41:39.457394,0.08514404296875
455,2026-01-27 19:41:39.467555,-0.0482177734375
456,2026-01-27 19:41:39.477458,-0.06256103515625
457,2026-01-27 19:41:39.487840,0.08087158203125
458,2026-01-27 19:41:39.499314,-0.078125
459,2026-01-27 19:41:39.510318,-0.08514404296875
460,2026-01-27 19:41:39.520689,-0.13580322265625
461,2026-01-27 19:41:39.532405,0.02044677734375
462,2026-01-27 19:41:39.542648,-0.12969970703125
463,2026-01-27 19:41:39.552343,0.1080322265625
464,2026-01-27 19:41:39.561874,0.0213623046875
465,2026-01-27 19:41:39.571580,0.02227783203125
466,2026-01-27 19:41:39.581506,-0.14862060546875
467,2026-01-27 19:41:39.591267,-0.0213623046875
468,2026-01-27 19:41:39.601459,0.0201416015625
469,2026-01-27 19:41:39.612713,-0.01983642578125
470,2026-01-27 19:41:39.622462,-0.1470947265625
471,2026-01-27 19:41:39.633269,-0.14923095703125
472,2026-01-27 19:41:39.643752,-0.00030517578125
473,2026-01-27 19:41:39.653761,-0.03082275390625
474,2026-01-27 19:41:39.663899,-0.03692626953125
475,2026-01-27 19:41:39.672897,0.14495849609375
476,2026-01-27 19:41:39.683531,-0.15045166015625
477,2026-01-27 19:41:39.694631,-0.14984130859375
478,2026-01-27 19:41:39.704330,0.13153076171875
479,2026-01-27 19:41:39.714469,0.06103515625
480,2026-01-27 19:41:39.724535,-0.05279541015625
481,2026-01-27 19:41:39.735591,0.01434326171875
482,2026-01-27 19:41:39.746248,-0.02655029296875
483,2026-01-27 19:41:39.755094,-0.0897216796875
484,2026-01-27 19:41:39.764894,0.1007080078125
485,2026-01-27 19:41:39.774670,-0.0030517578125
486,2026-01-27 19:41:39.784537,-0.14739990234375
487,2026-01-27 19:41:39.794300,-0.09124755859375
488,2026-01-27 19:41:39.805249,-0.06744384765625
489,2026-01-27 19:41:39.815731,-0.042724609375
490,2026-01-27 19:41:39.825845,-0.07781982421875
491,2026-01-27 19:41:39.835301,0.00946044921875
492,2026-01-27 19:41:39.846482,-0.08148193359375
493,2026-01-27 19:41:39.856647,0.00335693359375
494,2026-01-27 19:41:39.866647,-0.08514404296875
495,2026-01-27 19:41:39.876330,0.015869140625
496,2026-01-27 19:41:39.886429,0.02838134765625
497,2026-01-27 19:41:39.896602,-0.01373291015625
498,2026-01-27 19:41:39.906456,-0.04302978515625
499,2026-01-27 19:41:39.917410,0.03692626953125
500,2026-01-27 19:41:39.927314,0.0238037109375
501,2026-01-27 19:41:39.937612,-0.02349853515625
502,2026-01-27 19:41:39.947814,0.0860595703125
503,2026-01-27 19:41:39.958064,-0.10650634765625
504,2026-01-27 19:41:39.967619,-0.04852294921875
505,2026-01-27 19:41:39.977875,0.0933837890625
506,2026-01-27 19:41:39.987576,-0.08270263671875
507,2026-01-27 19:41:39.997902,-0.02044677734375
508,2026-01-27 19:41:40.008015,-0.0860595703125
509,2026-01-27 19:41:40.017325,-0.09796142578125
510,2026-01-27 19:41:40.027534,-0.0531005859375
511,2026-01-27 19:41:40.038245,-0.01251220703125
512,2026-01-27 19:41:40.048487,0.06622314453125
513,2026-01-27 19:41:40.058473,0.02685546875
514,2026-01-27 19:41:40.069358,-0.0347900390625
515,2026-01-27 19:41:40.079459,0.0958251953125
516,2026-01-27 19:41:40.089607,-0.0421142578125
517,2026-01-27 19:41:40.099926,0.06195068359375
518,2026-01-27 19:41:40.110641,0.12725830078125
519,2026-01-27 19:41:40.120878,0.08026123046875
520,2026-01-27 19:41:40.130587,-0.1318359375
521,2026-01-27 19:41:40.141008,-0.0482177734375
522,2026-01-27 19:41:40.152676,0.0579833984375
523,2026-01-27 19:41:40.162348,0.1470947265625
524,2026-01-27 19:41:40.172908,-0.13580322265625
525,2026-01-27 19:41:40.181912,-0.1513671875
526,2026-01-27 19:41:40.192166,0.13763427734375
527,2026-01-27 19:41:40.203211,-0.0042724609375
528,2026-01-27 19:41:40.214086,-0.01312255859375
529,2026-01-27 19:41:40.224455,0.14678955078125
530,2026-01-27 19:41:40.234445,-0.0634765625
531,2026-01-27 19:41:40.245616,-0.07293701171875
532,2026-01-27 19:41:40.255307,-0.01922607421875
533,2026-01-27 19:41:40.265133,0.10101318359375
534,2026-01-27 19:41:40.275259,-0.0152587890625
535,2026-01-27 19:41:40.285046,-0.0146484375
536,2026-01-27 19:41:40.293959,-0.078125
537,2026-01-27 19:41:40.304266,0.14434814453125
538,2026-01-27 19:41:40.314918,0.13671875
539,2026-01-27 19:41:40.325600,0.05767822265625
540,2026-01-27 19:41:40.335390,0.07110595703125
541,2026-01-27 19:41:40.345348,-0.01617431640625
542,2026-01-27 19:41:40.356328,-0.081787109375
543,2026-01-27 19:41:40.366766,-0.0115966796875
544,2026-01-27 19:41:40.376446,-0.0701904296875
545,2026-01-27 19:41:40.386628,-0.06744384765625
546,2026-01-27 19:41:40.396344,0.08941650390625
547,2026-01-27 19:41:40.406477,0.03692626953125
548,2026-01-27 19:41:40.416441,-0.0506591796875
549,2026-01-27 19:41:40.426641,-0.01129150390625
550,2026-01-27 19:41:40.436614,0.03021240234375
551,2026-01-27 19:41:40.447313,0.03265380859375
552,2026-01-27 19:41:40.457449,-0.07049560546875
553,2026-01-27 19:41:40.467528,-0.08544921875
554,2026-01-27 19:41:40.478255,-0.118408203125
555,2026-01-27 19:41:40.488490,0.0494384765625
556,2026-01-27 19:41:40.498740,-0.04119873046875
557,2026-01-27 19:41:40.508474,-0.0433349609375
558,2026-01-27 19:41:40.518492,-0.04241943359375
559,2026-01-27 19:41:40.528770,0.0872802734375
560,2026-01-27 19:41:40.539115,-0.03814697265625
561,2026-01-27 19:41:40.549400,-0.03082275390625
562,2026-01-27 19:41:40.559684,0.10406494140625
563,2026-01-27 19:41:40.570020,-0.06683349609375
564,2026-01-27 19:41:40.580274,-0.091552734375
565,2026-01-27 19:41:40.590685,-0.04364013671875
566,2026-01-27 19:41:40.600696,-0.10833740234375
567,2026-01-27 19:41:40.611116,-0.1025390625
568,2026-01-27 19:41:40.621671,-0.07171630859375
569,2026-01-27 19:41:40.632079,-0.0091552734375
570,2026-01-27 19:41:40.641240,-0.10498046875
571,2026-01-27 19:41:40.651610,0.10955810546875
572,2026-01-27 19:41:40.662094,-0.1019287109375
573,2026-01-27 19:41:40.671282,-0.081787109375
574,2026-01-27 19:41:40.681395,0.1190185546875
575,2026-01-27 19:41:40.691637,-0.1458740234375
576,2026-01-27 19:41:40.701352,-0.1507568359375
577,2026-01-27 19:41:40.712276,-0.11962890625
578,2026-01-27 19:41:40.723283,-0.08056640625
579,2026-01-27 19:41:40.733435,-0.11810302734375
580,2026-01-27 19:41:40.744796,-0.0274658203125
581,2026-01-27 19:41:40.755883,0.0506591796875
582,2026-01-27 19:41:40.766646,-0.0311279296875
583,2026-01-27 19:41:40.776356,0.069580078125
584,2026-01-27 19:41:40.786677,-0.00457763671875
585,2026-01-27 19:41:40.796336,0.0640869140625
586,2026-01-27 19:41:40.806650,-0.09552001953125
587,2026-01-27 19:41:40.817340,0.0653076171875
588,2026-01-27 19:41:40.827564,-0.07781982421875
589,2026-01-27 19:41:40.837605,0.04791259765625
590,2026-01-27 19:41:40.847420,-0.0091552734375
591,2026-01-27 19:41:40.857939,0.0396728515625
592,2026-01-27 19:41:40.868667,-0.04241943359375
593,2026-01-27 19:41:40.878457,0.06500244140625
594,2026-01-27 19:41:40.888659,-0.05828857421875
595,2026-01-27 19:41:40.898678,0.0787353515625
596,2026-01-27 19:41:40.908485,0.09613037109375
597,2026-01-27 19:41:40.918722,0.013427734375
598,2026-01-27 19:41:40.928451,-0.00579833984375
599,2026-01-27 19:41:40.938509,-0.086669921875
600,2026-01-27 19:41:40.948155,-0.03265380859375
601,2026-01-27 19:41:40.957764,0.08941650390625
602,2026-01-27 19:41:40.967592,-0.09002685546875
603,2026-01-27 19:41:40.977940,0.0726318359375
604,2026-01-27 19:41:40.989641,0.07049560546875
605,2026-01-27 19:41:41.000017,-0.0579833984375
606,2026-01-27 19:41:41.010280,-0.09674072265625
607,2026-01-27 19:41:41.020467,-0.137939453125
608,2026-01-27 19:41:41.030784,-0.01007080078125
609,2026-01-27 19:41:41.041024,0.0531005859375
610,2026-01-27 19:41:41.050266,-0.00396728515625
611,2026-01-27 19:41:41.060684,0.1019287109375
612,2026-01-27 19:41:41.071646,0.11962890625
613,2026-01-27 19:41:41.082134,-0.02716064453125
614,2026-01-27 19:41:41.092361,-0.08026123046875
615,2026-01-27 19:41:41.103284,0.04852294921875
616,2026-01-27 19:41:41.113416,0.1092529296875
617,2026-01-27 19:41:41.123569,-0.1019287109375
618,2026-01-27 19:41:41.133467,0.09490966796875
619,2026-01-27 19:41:41.144315,-0.05950927734375
620,2026-01-27 19:41:41.154935,0.13671875
621,2026-01-27 19:41:41.165027,-0.0762939453125
622,2026-01-27 19:41:41.176201,0.07080078125
623,2026-01-27 19:41:41.185077,0.1068115234375
624,2026-01-27 19:41:41.194887,0.06439208984375
625,2026-01-27 19:41:41.205340,-0.05889892578125
626,2026-01-27 19:41:41.215423,-0.08392333984375
627,2026-01-27 19:41:41.225355,-0.04241943359375
628,2026-01-27 19:41:41.236692,-0.07293701171875
629,2026-01-27 19:41:41.247336,-0.0091552734375
630,2026-01-27 19:41:41.257618,-0.0030517578125
631,2026-01-27 19:41:41.267821,0.09002685546875
632,2026-01-27 19:41:41.278137,-0.07293701171875
633,2026-01-27 19:41:41.287296,0.0885009765625
634,2026-01-27 19:41:41.297436,-0.09063720703125
635,2026-01-27 19:41:41.307554,0.01678466796875
636,2026-01-27 19:41:41.317325,0.04974365234375
637,2026-01-27 19:41:41.327497,-0.0958251953125
638,2026-01-27 19:41:41.337748,-0.1092529296875
639,2026-01-27 19:41:41.347402,-0.0811767578125
640,2026-01-27 19:41:41.357723,-0.029296875
641,2026-01-27 19:41:41.367885,-0.0762939453125
642,2026-01-27 19:41:41.378471,-0.025634765625
643,2026-01-27 19:41:41.388653,-0.01312255859375
644,2026-01-27 19:41:41.398336,0.01861572265625
645,2026-01-27 19:41:41.408669,-0.03692626953125
646,2026-01-27 19:41:41.418447,-0.1019287109375
647,2026-01-27 19:41:41.428659,-0.0799560546875
648,2026-01-27 19:41:41.439075,-0.10833740234375
649,2026-01-27 19:41:41.449324,0.01190185546875
650,2026-01-27 19:41:41.459783,-0.0164794921875
651,2026-01-27 19:41:41.470615,0.1361083984375
652,2026-01-27 19:41:41.480918,0.130615234375
653,2026-01-27 19:41:41.491163,-0.00396728515625
654,2026-01-27 19:41:41.501420,-0.0048828125
655,2026-01-27 19:41:41.511612,-0.14495849609375
656,2026-01-27 19:41:41.521437,0.00885009765625
657,2026-01-27 19:41:41.531769,0.0531005859375
658,2026-01-27 19:41:41.541476,-0.13519287109375
659,2026-01-27 19:41:41.552298,-0.00518798828125
660,2026-01-27 19:41:41.562659,-0.1495361328125
661,2026-01-27 19:41:41.572455,-0.14923095703125
662,2026-01-27 19:41:41.582758,0.03875732421875
663,2026-01-27 19:41:41.592147,0.01983642578125
664,2026-01-27 19:41:41.603311,0.0164794921875
665,2026-01-27 19:41:41.614180,-0.1513671875
666,2026-01-27 19:41:41.624300,0.1483154296875
667,2026-01-27 19:41:41.634242,-0.04791259765625
668,2026-01-27 19:41:41.644920,0.1483154296875
669,2026-01-27 19:41:41.656655,0.0579833984375
670,2026-01-27 19:41:41.667528,0.0213623046875
671,2026-01-27 19:41:41.677410,0.0384521484375
672,2026-01-27 19:41:41.687524,0.01495361328125
673,2026-01-27 19:41:41.697665,0.028076171875
674,2026-01-27 19:41:41.707239,-0.0897216796875
675,2026-01-27 19:41:41.718307,-0.10101318359375
676,2026-01-27 19:41:41.728460,-0.0811767578125
677,2026-01-27 19:41:41.738345,0.0146484375
678,2026-01-27 19:41:41.748672,0.02410888671875
679,2026-01-27 19:41:41.758344,-0.01373291015625
680,2026-01-27 19:41:41.768652,-0.08697509765625
681,2026-01-27 19:41:41.779155,0.0042724609375
682,2026-01-27 19:41:41.789594,-0.11138916015625
683,2026-01-27 19:41:41.799598,0.1171875
684,2026-01-27 19:41:41.809877,0.13580322265625
685,2026-01-27 19:41:41.820180,0.05462646484375
686,2026-01-27 19:41:41.830345,-0.1318359375
687,2026-01-27 19:41:41.839607,0.052490234375
688,2026-01-27 19:41:41.849900,0.13763427734375
689,2026-01-27 19:41:41.861153,0.1171875
690,2026-01-27 19:41:41.870327,0.14495849609375
691,2026-01-27 19:41:41.880435,0.1116943359375
692,2026-01-27 19:41:41.890633,0.12847900390625
693,2026-01-27 19:41:41.901316,0.0750732421875
694,2026-01-27 19:41:41.911410,-0.142822265625
695,2026-01-27 19:41:41.921566,0.09979248046875
696,2026-01-27 19:41:41.931149,0.12908935546875
697,2026-01-27 19:41:41.941620,-0.0482177734375
698,2026-01-27 19:41:41.951334,-0.0848388671875
699,2026-01-27 19:41:41.964334,-0.03692626953125
700,2026-01-27 19:41:41.979657,0.06072998046875
701,2026-01-27 19:41:41.996799,-0.01495361328125
702,2026-01-27 19:41:42.017472,-0.08331298828125
703,2026-01-27 19:41:42.029948,0.0860595703125
704,2026-01-27 19:41:42.055231,-0.14312744140625
705,2026-01-27 19:41:42.066252,-0.0567626953125
706,2026-01-27 19:41:42.080848,0.07293701171875
707,2026-01-27 19:41:42.091190,-0.13763427734375
708,2026-01-27 19:41:42.102704,0.09368896484375
709,2026-01-27 19:41:42.117836,-0.07720947265625
710,2026-01-27 19:41:42.133131,-0.05462646484375
711,2026-01-27 19:41:42.145521,-0.08148193359375
712,2026-01-27 19:41:42.157380,-0.09796142578125
713,2026-01-27 19:41:42.175976,0.0701904296875
714,2026-01-27 19:41:42.187266,0.06103515625
715,2026-01-27 19:41:42.203043,0.08087158203125
716,2026-01-27 19:41:42.218004,0.13397216796875
717,2026-01-27 19:41:42.229830,0.0048828125
718,2026-01-27 19:41:42.245381,0.0970458984375
719,2026-01-27 19:41:42.260027,0.072021484375
720,2026-01-27 19:41:42.281387,0.118408203125
721,2026-01-27 19:41:42.296643,0.08392333984375
722,2026-01-27 19:41:42.308433,0.04730224609375
723,2026-01-27 19:41:42.329744,0.067138671875
724,2026-01-27 19:41:42.355922,0.11566162109375
725,2026-01-27 19:41:42.377143,-0.0604248046875
726,2026-01-27 19:41:42.393364,0.07720947265625
727,2026-01-27 19:41:42.408616,0.07049560546875
728,2026-01-27 19:41:42.430169,0.0830078125
729,2026-01-27 19:41:42.445443,0.133056640625
730,2026-01-27 19:41:42.460943,-0.0250244140625
731,2026-01-27 19:41:42.472286,-0.103759765625
732,2026-01-27 19:41:42.485673,0.040283203125
733,2026-01-27 19:41:42.509061,-0.1300048828125
734,2026-01-27 19:41:42.524159,0.13641357421875
735,2026-01-27 19:41:42.539195,0.01434326171875
736,2026-01-27 19:41:42.550829,-0.03997802734375
737,2026-01-27 19:41:42.567071,0.11871337890625
738,2026-01-27 19:41:42.581540,0.1080322265625
739,2026-01-27 19:41:42.593261,-0.10406494140625
740,2026-01-27 19:41:42.608360,-0.108642578125
741,2026-01-27 19:41:42.623798,0.08026123046875
742,2026-01-27 19:41:42.637037,0.01373291015625
743,2026-01-27 19:41:42.660410,-0.01251220703125
744,2026-01-27 19:41:42.672332,-0.05615234375
745,2026-01-27 19:41:42.687290,0.1251220703125
746,2026-01-27 19:41:42.696989,-0.10589599609375
747,2026-01-27 19:41:42.708438,0.10467529296875
748,2026-01-27 19:41:42.723478,-0.12176513671875
749,2026-01-27 19:41:42.739153,-0.078125
750,2026-01-27 19:41:42.751296,-0.0665283203125
751,2026-01-27 19:41:42.766639,0.07659912109375
752,2026-01-27 19:41:42.776744,-0.10406494140625
753,2026-01-27 19:41:42.799880,-0.0848388671875
754,2026-01-27 19:41:42.811029,-0.150146484375
755,2026-01-27 19:41:42.830121,-0.0048828125
756,2026-01-27 19:41:42.844486,-0.02593994140625
757,2026-01-27 19:41:42.860511,-0.0872802734375
758,2026-01-27 19:41:42.881499,-0.10467529296875
759,2026-01-27 19:41:42.896938,0.14892578125
760,2026-01-27 19:41:42.919937,-0.07965087890625
761,2026-01-27 19:41:42.940674,-0.12969970703125
762,2026-01-27 19:41:42.961188,-0.04425048828125
763,2026-01-27 19:41:42.977160,-0.14984130859375
764,2026-01-27 19:41:42.987369,0.09552001953125
765,2026-01-27 19:41:43.003467,0.0872802734375
766,2026-01-27 19:41:43.029937,0.0146484375
767,2026-01-27 19:41:43.039759,0.04180908203125
768,2026-01-27 19:41:43.055552,0.11993408203125
769,2026-01-27 19:41:43.072591,-0.08056640625
770,2026-01-27 19:41:43.088452,-0.05889892578125
771,2026-01-27 19:41:43.103378,0.1470947265625
772,2026-01-27 19:41:43.121242,-0.0433349609375
773,2026-01-27 19:41:43.138923,0.01708984375
774,2026-01-27 19:41:43.151230,-0.03997802734375
775,2026-01-27 19:41:43.166880,0.03509521484375
776,2026-01-27 19:41:43.182335,0.0726318359375
777,2026-01-27 19:41:43.193310,-0.14892578125
778,2026-01-27 19:41:43.208660,0.0018310546875
779,2026-01-27 19:41:43.223652,0.12176513671875
780,2026-01-27 19:41:43.240249,-0.0799560546875
781,2026-01-27 19:41:43.255549,-0.0201416015625
782,2026-01-27 19:41:43.272498,0.030517578125
783,2026-01-27 19:41:43.293740,-0.13214111328125
784,2026-01-27 19:41:43.318238,0.0177001953125
785,2026-01-27 19:41:43.333686,0.13397216796875
786,2026-01-27 19:41:43.345210,0.0030517578125
787,2026-01-27 19:41:43.367111,-0.05950927734375
788,2026-01-27 19:41:43.389152,0.0
789,2026-01-27 19:41:43.412993,0.05523681640625
790,2026-01-27 19:41:43.439044,0.0604248046875
791,2026-01-27 19:41:43.454937,-0.150146484375
792,2026-01-27 19:41:43.475820,0.00823974609375
793,2026-01-27 19:41:43.498382,-0.03753662109375
794,2026-01-27 19:41:43.524077,0.13427734375
795,2026-01-27 19:41:43.539504,-0.09002685546875
796,2026-01-27 19:41:43.566435,-0.135498046875
797,2026-01-27 19:41:43.581326,-0.086669921875
798,2026-01-27 19:41:43.593434,0.1458740234375
799,2026-01-27 19:41:43.608690,-0.00885009765625
800,2026-01-27 19:41:43.623909,-0.1080322265625
801,2026-01-27 19:41:43.640449,-0.01312255859375
802,2026-01-27 19:41:43.655590,-0.03997802734375
803,2026-01-27 19:41:43.670922,-0.0714111328125
804,2026-01-27 19:41:43.688424,-0.040283203125
805,2026-01-27 19:41:43.696661,-0.1470947265625
806,2026-01-27 19:41:43.725350,-0.08636474609375
807,2026-01-27 19:41:43.740184,0.042724609375
808,2026-01-27 19:41:43.759624,0.040283203125
809,2026-01-27 19:41:43.781331,-0.0042724609375
810,2026-01-27 19:41:43.808619,0.03082275390625
811,2026-01-27 19:41:43.833375,0.03753662109375
812,2026-01-27 19:41:43.855837,0.0628662109375
813,2026-01-27 19:41:43.883050,0.03662109375
814,2026-01-27 19:41:43.898143,0.028076171875
815,2026-01-27 19:41:43.915185,0.0909423828125
816,2026-01-27 19:41:43.926017,-0.04669189453125
817,2026-01-27 19:41:43.937005,-0.0323486328125
818,2026-01-27 19:41:43.947356,0.0048828125
819,2026-01-27 19:41:43.958593,-0.00457763671875
820,2026-01-27 19:41:43.969284,-0.12481689453125
821,2026-01-27 19:41:43.979918,0.12908935546875
822,2026-01-27 19:41:43.990941,0.08758544921875
823,2026-01-27 19:41:44.001651,-0.0494384765625
824,2026-01-27 19:41:44.012340,-0.12969970703125
825,2026-01-27 19:41:44.022183,0.12725830078125
826,2026-01-27 19:41:44.032371,0.0860595703125
827,2026-01-27 19:41:44.042654,0.087890625
828,2026-01-27 19:41:44.053077,-0.1312255859375
829,2026-01-27 19:41:44.062453,-0.084228515625
830,2026-01-27 19:41:44.072952,0.0897216796875
831,2026-01-27 19:41:44.083576,-0.05889892578125
832,2026-01-27 19:41:44.093657,-0.06561279296875
833,2026-01-27 19:41:44.103304,-0.06011962890625
834,2026-01-27 19:41:44.113296,0.0701904296875
835,2026-01-27 19:41:44.123504,0.08392333984375
836,2026-01-27 19:41:44.133320,-0.081787109375
837,2026-01-27 19:41:44.143605,0.05035400390625
838,2026-01-27 19:41:44.154283,-0.0897216796875
839,2026-01-27 19:41:44.164875,0.0701904296875
840,2026-01-27 19:41:44.174804,0.05645751953125
841,2026-01-27 19:41:44.184922,-0.06378173828125
842,2026-01-27 19:41:44.196609,-0.04791259765625
843,2026-01-27 19:41:44.206390,-0.03448486328125
844,2026-01-27 19:41:44.217620,0.03509521484375
845,2026-01-27 19:41:44.228373,-0.08636474609375
846,2026-01-27 19:41:44.239253,0.07171630859375
847,2026-01-27 19:41:44.250460,0.0994873046875
848,2026-01-27 19:41:44.260838,-0.1165771484375
849,2026-01-27 19:41:44.270464,0.10040283203125
850,2026-01-27 19:41:44.280590,-0.13092041015625
851,2026-01-27 19:41:44.290475,0.12786865234375
852,2026-01-27 19:41:44.300782,-0.05767822265625
853,2026-01-27 19:41:44.310884,0.1324462890625
854,2026-01-27 19:41:44.321399,0.1123046875
855,2026-01-27 19:41:44.331290,0.02532958984375
856,2026-01-27 19:41:44.341472,0.12603759765625
857,2026-01-27 19:41:44.351775,-0.1300048828125
858,2026-01-27 19:41:44.362029,-0.1312255859375
859,2026-01-27 19:41:44.372173,-0.15045166015625
860,2026-01-27 19:41:44.381295,0.0653076171875
861,2026-01-27 19:41:44.391660,0.14862060546875
862,2026-01-27 19:41:44.401840,-0.0689697265625
863,2026-01-27 19:41:44.412009,-0.145263671875
864,2026-01-27 19:41:44.422157,0.03143310546875
865,2026-01-27 19:41:44.431297,0.13702392578125
866,2026-01-27 19:41:44.441452,0.09063720703125
867,2026-01-27 19:41:44.451742,-0.07720947265625
868,2026-01-27 19:41:44.461686,-0.142822265625
869,2026-01-27 19:41:44.471774,0.1397705078125
870,2026-01-27 19:41:44.481564,-0.07781982421875
871,2026-01-27 19:41:44.491884,0.1007080078125
872,2026-01-27 19:41:44.501555,-0.15106201171875
873,2026-01-27 19:41:44.511931,0.1214599609375
874,2026-01-27 19:41:44.522178,-0.12481689453125
875,2026-01-27 19:41:44.532446,-0.08941650390625
876,2026-01-27 19:41:44.541928,-0.0543212890625
877,2026-01-27 19:41:44.551795,0.098876953125
878,2026-01-27 19:41:44.561640,-0.1495361328125
879,2026-01-27 19:41:44.571818,0.12664794921875
880,2026-01-27 19:41:44.581987,-0.14617919921875
881,2026-01-27 19:41:44.591279,-0.130615234375
882,2026-01-27 19:41:44.602805,-0.0384521484375
883,2026-01-27 19:41:44.612942,0.0286865234375
884,2026-01-27 19:41:44.623190,0.03570556640625
885,2026-01-27 19:41:44.632415,-0.07904052734375
886,2026-01-27 19:41:44.641547,-0.150146484375
887,2026-01-27 19:41:44.651933,0.06927490234375
888,2026-01-27 19:41:44.662670,0.1153564453125
889,2026-01-27 19:41:44.672518,0.07965087890625
890,2026-01-27 19:41:44.682691,0.064697265625
891,2026-01-27 19:41:44.693198,-0.07568359375
892,2026-01-27 19:41:44.703478,-0.029296875
893,2026-01-27 19:41:44.712173,-0.01708984375
894,2026-01-27 19:41:44.721292,0.13671875
895,2026-01-27 19:41:44.730443,-0.13641357421875
896,2026-01-27 19:41:44.740673,0.08880615234375
897,2026-01-27 19:41:44.752109,0.057373046875
898,2026-01-27 19:41:44.762337,0.1177978515625
899,2026-01-27 19:41:44.771367,-0.0384521484375
900,2026-01-27 19:41:44.780538,-0.140380859375
901,2026-01-27 19:41:44.790807,0.01739501953125
902,2026-01-27 19:41:44.801149,-0.1458740234375
903,2026-01-27 19:41:44.811280,0.14678955078125
904,2026-01-27 19:41:44.821694,0.13946533203125
905,2026-01-27 19:41:44.831258,0.0347900390625
906,2026-01-27 19:41:44.840386,0.02166748046875
907,2026-01-27 19:41:44.849528,-0.1446533203125
908,2026-01-27 19:41:44.857995,-0.023193359375
909,2026-01-27 19:41:44.869208,-0.0274658203125
910,2026-01-27 19:41:44.877886,-0.14312744140625
911,2026-01-27 19:41:44.887653,0.11749267578125
912,2026-01-27 19:41:44.898152,-0.07843017578125
913,2026-01-27 19:41:44.907822,0.0140380859375
914,2026-01-27 19:41:44.917525,0.029296875
915,2026-01-27 19:41:44.927157,0.0762939453125
916,2026-01-27 19:41:44.937661,0.0946044921875
917,2026-01-27 19:41:44.948283,-0.09185791015625
918,2026-01-27 19:41:44.958923,-0.052490234375
919,2026-01-27 19:41:44.969537,-0.14739990234375
920,2026-01-27 19:41:44.980306,0.1470947265625
921,2026-01-27 19:41:44.989167,-0.00244140625
922,2026-01-27 19:41:44.999281,0.1025390625
923,2026-01-27 19:41:45.008896,0.0213623046875
924,2026-01-27 19:41:45.019054,-0.1007080078125
925,2026-01-27 19:41:45.029143,0.05584716796875
926,2026-01-27 19:41:45.037788,-0.1080322265625
927,2026-01-27 19:41:45.049007,-0.0933837890625
928,2026-01-27 19:41:45.058881,-0.0189208984375
929,2026-01-27 19:41:45.069081,-0.118408203125
930,2026-01-27 19:41:45.079179,-0.13397216796875
931,2026-01-27 19:41:45.089003,-0.020751953125
932,2026-01-27 19:41:45.099145,0.0909423828125
933,2026-01-27 19:41:45.107763,-0.10162353515625
934,2026-01-27 19:41:45.117941,0.00762939453125
935,2026-01-27 19:41:45.129178,0.13916015625
936,2026-01-27 19:41:45.137882,0.09124755859375
937,2026-01-27 19:41:45.149013,-0.0958251953125
938,2026-01-27 19:41:45.159159,0.01220703125
939,2026-01-27 19:41:45.169261,0.11383056640625
940,2026-01-27 19:41:45.177929,-0.1507568359375
941,2026-01-27 19:41:45.188720,-0.126953125
942,2026-01-27 19:41:45.198909,0.13458251953125
943,2026-01-27 19:41:45.210027,0.1177978515625
944,2026-01-27 19:41:45.220174,0.146484375
945,2026-01-27 19:41:45.229273,0.13824462890625
946,2026-01-27 19:41:45.238942,0.0518798828125
947,2026-01-27 19:41:45.249043,0.06866455078125
948,2026-01-27 19:41:45.259241,0.1361083984375
949,2026-01-27 19:41:45.269126,0.12603759765625
950,2026-01-27 19:41:45.278143,0.10467529296875
951,2026-01-27 19:41:45.288167,-0.08758544921875
952,2026-01-27 19:41:45.296851,-0.09246826171875
953,2026-01-27 19:41:45.307272,-0.06378173828125
954,2026-01-27 19:41:45.315976,-0.07110595703125
955,2026-01-27 19:41:45.325233,-0.06103515625
956,2026-01-27 19:41:45.334499,-0.02166748046875
957,2026-01-27 19:41:45.344171,0.00762939453125
958,2026-01-27 19:41:45.353422,0.08392333984375
959,2026-01-27 19:41:45.363566,0.0537109375
960,2026-01-27 19:41:45.373962,0.0140380859375
961,2026-01-27 19:41:45.384689,-0.0140380859375
962,2026-01-27 19:41:45.393917,-0.0909423828125
963,2026-01-27 19:41:45.403575,-0.0531005859375
964,2026-01-27 19:41:45.413864,0.010986328125
965,2026-01-27 19:41:45.423090,-0.02899169921875
966,2026-01-27 19:41:45.432302,0.08087158203125
967,2026-01-27 19:41:45.442474,-0.06561279296875
968,2026-01-27 19:41:45.452203,-0.01708984375
969,2026-01-27 19:41:45.462447,0.11505126953125
970,2026-01-27 19:41:45.472673,0.0640869140625
971,2026-01-27 19:41:45.484363,0.07080078125
972,2026-01-27 19:41:45.494458,0.0311279296875
973,2026-01-27 19:41:45.503653,0.04150390625
974,2026-01-27 19:41:45.512755,0.05218505859375
975,2026-01-27 19:41:45.522999,-0.09063720703125
976,2026-01-27 19:41:45.533245,0.02655029296875
977,2026-01-27 19:41:45.542412,-0.09735107421875
978,2026-01-27 19:41:45.552045,-0.05126953125
979,2026-01-27 19:41:45.563332,-0.0994873046875
980,2026-01-27 19:41:45.572828,0.0634765625
981,2026-01-27 19:41:45.582362,-0.052490234375
982,2026-01-27 19:41:45.591393,-0.0872802734375
983,2026-01-27 19:41:45.600153,-0.084228515625
984,2026-01-27 19:41:45.608765,-0.00457763671875
985,2026-01-27 19:41:45.618909,-0.12359619140625
986,2026-01-27 19:41:45.629070,0.0701904296875
987,2026-01-27 19:41:45.638154,0.08636474609375
988,2026-01-27 19:41:45.646805,-0.11138916015625
989,2026-01-27 19:41:45.656220,-0.06011962890625
990,2026-01-27 19:41:45.667316,-0.0506591796875
991,2026-01-27 19:41:45.677279,-0.13885498046875
992,2026-01-27 19:41:45.686053,-0.0146484375
993,2026-01-27 19:41:45.695317,0.01800537109375
994,2026-01-27 19:41:45.705617,-0.0048828125
995,2026-01-27 19:41:45.715147,-0.07568359375
996,2026-01-27 19:41:45.724335,0.0634765625
997,2026-01-27 19:41:45.733425,-0.0909423828125
998,2026-01-27 19:41:45.743291,0.09246826171875
999,2026-01-27 19:41:45.753175,-0.01922607421875
1000,2026-01-27 19:41:45.762989,0.09368896484375
